﻿<log4net>
  <appender name="aiAppender" type="Microsoft.ApplicationInsights.Log4NetAppender.ApplicationInsightsAppender, Microsoft.ApplicationInsights.Log4NetAppender">
    <layout type="log4net.Layout.PatternLayout">
      <conversionPattern value="[%logger] - %message%newline"/>
    </layout>
  </appender>
  <appender name="ConsoleAppender" type="log4net.Appender.ConsoleAppender">
    <layout type="log4net.Layout.PatternLayout">
      <conversionPattern value="%date [%thread] %-5level %logger - %message%newline" />
    </layout>
    <!--<filter type="log4net.Filter.LevelRangeFilter">
      <levelMin value="ERROR" />
      <levelMax value="FATAL" />
    </filter>-->
  </appender>
  <appender name="LogFileAppender" type="log4net.Appender.RollingFileAppender">
    <param name="File" value="Logs\portal.log" />
    <param name="AppendToFile" value="true" />
    <maxSizeRollBackups value="10" />
    <maximumFileSize value="5MB" />
    <lockingModel type="log4net.Appender.FileAppender+MinimalLock" />
    <layout type="log4net.Layout.PatternLayout">
      <param name="ConversionPattern" value="%d %-5p [%logger] - %m%n" />
    </layout>
  </appender>
  <appender name="ErrorFile" type="log4net.Appender.RollingFileAppender">
    <file value="Logs\portal.error.log" />
    <appendToFile value="true" />
    <maximumFileSize value="5MB" />
    <maxSizeRollBackups value="10" />
    <layout type="log4net.Layout.PatternLayout">
      <conversionPattern value="%d %level %thread %logger - %message%newline" />
    </layout>
    <filter type="log4net.Filter.LevelRangeFilter">
      <levelMin value="ERROR" />
      <levelMax value="FATAL" />
    </filter>
  </appender>
  <appender name="asyncForwarder" type="Log4Net.Async.ParallelForwardingAppender,Log4Net.Async">
    <appender-ref ref="ConsoleAppender" />
    <!--<appender-ref ref="aiAppender" />-->
    <appender-ref ref="LogFileAppender" />
    <appender-ref ref="ErrorFile" />
    <bufferSize value="1000" />
  </appender>
  <logger name="TcpCommunicationService">
    <level value="OFF" />
  </logger>
  <logger name="PacketsHandler">
    <level value="OFF" />
  </logger>
  <logger name="PacketHandlingFlow#0">
    <level value="OFF" />
  </logger>
  <logger name="PacketHandlingFlow#1">
    <level value="OFF" />
  </logger>
  <logger name="PacketHandlingFlow#2">
    <level value="OFF" />
  </logger>
  <logger name="PacketHandlingFlow#3">
    <level value="OFF" />
  </logger>
  <logger name="O10.Core.Architecture.UnityExtensions.Monitor.MonitorUnityBuilderStrategy">
    <level value="OFF" />
  </logger>
  <root name="LOGGER">
    <level value="DEBUG" />
    <!--<appender-ref ref="asyncForwarder" />-->
    <!--<appender-ref ref="aiAppender" />-->
    <appender-ref ref="ConsoleAppender" />
    <appender-ref ref="LogFileAppender" />
    <appender-ref ref="ErrorFile" />
  </root>
</log4net>